5,0,0,0,0,0,0,0,0,0,0,0,0,0,0,0,0,0,0,0,0,0,0,0,0,0,0,0,0,0,0,0,0,0,0,0,0,0,0,0,0,0,0,0,0,0,0,0,0,0,0,0,0,0,0,0,0,0,0,0,0,0,0,0,0,0,0,0,0,0,0,0,0,0,0,0,0,0,0,0,0,0,0,0,0,0,0,0,0,0,0,0,0,0,0,0,0,0,0,0,0,0,0,0,0,0,0,0,0,0,0,0,0,0,0,0,0,0,0,0,0,0,0,0,0,0,0,0,0,0,0,0,0,0,0,0,0,0,0,0,0,0,0,0,0,0,0,0,0,0,0,0,0,0,0,0,0,0,0,0,0,0,0,0,0,0,0,0,0,0,0,0,0,0,0,0,0,0,0,0
0.130664654534875,0.0654204412716946,0.00645988409082559,0.00614147068258016,0.0117863683940845,0.0048770666721135,0.00863727101388969,0.00173296748066518,0.00795770409496774,0.00817858151689295,0.00377203682232493,0.00472780329691835,0.0909863413074653,0.0518752701529859,0.00929476344127826,0.00767769319896735,0.0221255850045428,0.0356680683647173,0.0386019097600779,0.0379353204914738,0.0388612610313627,0.0322101001787896,0.01717454091859,0.0105327378977249,0.0165029206222464,0.00703852964581728,0.00100211043800075,0.00117260995361722,0.0030412827530381,0.0035936373560193,0.00134212493484741,0.00149192549823166,0.00046918260742681,0.00222239175473648,0.00287702650503252,0.00189797553873401,0.00960930778472588,0.0044571068923821,0.000561869759224983,0.000369815119947684,0.000624333427342845,0.000121193457065476,0.000136228472770735,0.000185439367828651,0.000156875101199334,1.23058567374554e-05,8.8271285829067e-05,0.00010023564294143,0.0304571475902206,0.0103985922892966,0.0100520201446049,0.00923106030841151,0.00523580111882045,0.00324210908774831,0.000942320055265142,0.000499619634577194,0.00150212018322156,0.00185045962597743,0.00174281893516528,0.00141798566810404,0.103849681771209,0.0938571551089028,0.0426207989529703,0.0197140137289688,0.0416557875509744,0.0317953357181266,0.0195807323739075,0.0188921605952392,0.0260691315837543,0.0321201731236082,0.0325661163037462,0.0289660379485018,0.026049311458294,0.0442740617894289,0.0262617809889293,0.00686942121574885,0.0118868933706849,0.0043341155149482,0.00396879716175254,0.00585005203797768,0.00349356911366204,0.00282715188157958,0.00203538406798791,0.00403621649979251,0.157460268594183,0.0843861997858299,0.0122224553227698,0.00981348054173943,0.00628175869752279,0.00650382072448021,0.000504367915523854,0.00728156701202533,0.00815740628550204,0.00624380971628102,0.00399312263991733,0.0046843878288006,0.0929930207697157,0.0585144382917626,0.0197911265536014,0.0346833801623991,0.0356134043528095,0.0392881122836427,0.0431454068426438,0.0449677572863815,0.0401516735109043,0.031717176163752,0.0163277230379035,0.00870565319604246,0.00865397751271241,0.00408463290814839,0.00851012304483208,0.00690796316457585,0.00203649288521354,0.0013874168249591,0.00210845211672562,0.00420404889392744,0.00153343856189724,0.00214964338633655,0.00184296420241033,0.00317328269575691,0.0072587509660793,0.00327606432864828,0.000477059111522391,0.00104303198500921,0.00077329361001804,0.000475481646481862,0.000160673232107079,0.000308325366647164,0.000250553019154841,0.000243044046089468,0.000281976004867843,0.000108724573530151,0.0276419683999297,0.0175178371496463,0.0123207366233589,0.0108887335383952,0.00780756479268201,0.00479666524459392,0.00300152305397014,0.00223175584629991,0.00275226881066575,0.00301429408432514,0.00224085353359552,0.000910277140293098,0.107267128788322,0.0886661498679117,0.0316347909753878,0.0391237745474191,0.0522946886068096,0.0333227721795215,0.0189802843438108,0.0265530151954502,0.0335564824546743,0.0371939756517451,0.0314830809202227,0.0250073909886018,0.0399066474959024,0.0382482363167007,0.0195448333000819,0.0128867000749955,0.011067833003311,0.000826840641518416,0.010199537714855,0.00630392659059269,0.00224352288940354,0.00723576430680614,0.00308175395737537,0.00393141465416337,0.164847680325482,0.0836611026415647,0.0109698561795398,0.0114144508199161,0.0110612268090014,0.0130594680115415,0.0109757423523612,0.00649634648935051,0.00742080089076455,0.00976359518159192,0.00641544864025811,0.00304743938881439
0.0951414465380724,0.0448045074608201,0.00709085458764575,0.0105463888897576,0.00484525332522282,0.00470278018627279,0.00581578143735129,0.00819750468168491,0.00573474383838916,0.00433284624896363,0.0056077466222536,0.00441179538459278,0.0509996708811227,0.0275780605723156,0.0155351181442594,0.00996663048249164,0.00236605132069343,0.0103633638352186,0.0240245834133615,0.0420861616513489,0.053240663714945,0.0592528244063365,0.0545300628218461,0.036457103179601,0.027844571748051,0.0110656513853914,0.00235894095504918,0.00498744742084977,0.00463527026206816,0.00185435731725713,0.00366737725175182,0.00337767573150474,0.000970199866519635,0.00309737246394709,0.00581502897492816,0.0056806711212565,0.0276367397992587,0.012203723136826,0.00086318781006176,0.00145789348513496,0.00168051345829953,0.00100353636919263,0.000183716410937909,0.000371401837719401,0.000102092612958617,0.000124777888334021,0.00017294233090435,3.70639870029185e-05,0.0294066125736655,0.0102325348042423,0.00320657518356076,0.00680577377362885,0.00428217291193774,0.00216166990541812,0.00201074635593234,0.00172356200004832,0.00299581143344216,0.00218121701342786,0.00186939093394034,0.00102983581291966,0.0581497843427116,0.0267919990685951,0.00761232519790966,0.0310754033814637,0.0466194792689495,0.0372402480034745,0.0291940392226342,0.0278322609334301,0.021063171508187,0.0102472309555236,0.001977341684333,0.00334114896911353,0.0951914370565714,0.0428556659340723,0.00462080533380394,0.00778863946498816,0.0180586400791086,0.0123762085398196,0.00504690802038413,0.00591285910295994,0.00215475682488416,0.000755797938257909,0.000808617262333166,0.000415691937817666,0.0813350163136369,0.0464940933190752,0.0212924465125543,0.0106364050174231,0.0099093375579081,0.0123742423911855,0.00980612692912277,0.0102061176248719,0.00628875014204175,0.00321672490040433,0.0045597780361093,0.00512062275832286,0.0462601406262179,0.0230379044418654,0.00226584653715404,0.00965952981373435,0.0113415559951119,0.0144055543997848,0.0206203090012389,0.0317106221977784,0.0426057256613935,0.043900227792553,0.0350153826968182,0.0165773124683514,0.0346200828751774,0.0131323084075577,0.00181588405087495,0.000593043522339498,0.0012820460871413,0.00223560800174833,0.00461304506023025,0.00255187928524673,0.00344333690715586,0.00279205253993489,0.00311405780623602,0.00582774048995162,0.028529060367288,0.0122201272284909,0.00196979640928614,0.00208554693008331,0.00138848719467887,0.00103126604275666,0.00047711661253434,0.000672018475943988,0.000374806900011749,0.00042987335871151,0.000324861630559457,0.000254202509179989,0.0255528999425082,0.00567811176612439,0.00388496534532492,0.00499177772222244,0.0047403642614963,0.00488108919091233,0.00397490891457202,0.00345033411760748,0.00288748378554422,0.00296823994061166,0.00350395590264752,0.00254541930547251,0.059655066307181,0.027631544819435,0.0106474425551829,0.0322021058487686,0.0483792368919846,0.0400590471060696,0.0308921494809693,0.0274707990258046,0.0180682906500229,0.00630441111186194,0.0122196293753589,0.0169622696725743,0.0957461483812606,0.0419212746993181,0.00762361700987003,0.00710998827371936,0.017501744238334,0.0204975089351535,0.00826908026889244,0.00627218580088242,0.00506313116563044,0.0018408911681729,0.00214890475079919,0.00247475681405893,0.0739653659691879,0.0389113722294349,0.0168587105985201,0.00680042541255981,0.00860826417591948,0.009707306503757,0.00986234703578657,0.00960399911123966,0.00145801541897495,0.00920490274866709,0.00556920778658682,0.00599474686526961
0.0811636207968963,0.037746026206159,0.0137058538775082,0.0110751817333653,0.0077806573367249,0.00561035407522679,0.00931699072571911,0.0104307748806683,0.00287906229617949,0.00404333549565721,0.00240411379879319,0.00351512525025364,0.0432338256565185,0.0669810581668617,0.0666720400837373,0.0611835983009527,0.0515194291061231,0.0394697867853267,0.034447062521942,0.0308083234430598,0.0262987786756479,0.0278507436546632,0.0331897619377155,0.0331031264874825,0.00436242437666612,0.00785684831360359,0.00267073491280179,0.00350274419678795,0.00368719779011775,0.00207704604759332,0.000603763006650842,0.00055416698690673,0.00168748848604264,0.00310552406645043,0.00212534504131559,0.00110554300748337,0.011162997249093,0.00511234242956944,0.000629352890411111,0.000695496790656035,0.000427505012187815,0.00021217804851009,7.321697380632e-05,0.000265809264144688,4.78862829126342e-05,0.000275145540450009,0.000102475888144131,0.000120968354092013,0.0128088087154116,0.014047799234946,0.0065950838771106,0.0017656041861456,0.000773126997959319,0.00237429149889262,0.00240523462952893,0.00184722030302464,0.00108052683889019,0.000752485301079996,0.00059249490015589,0.000694365947799856,0.0484314706328517,0.0558228713299415,0.0365411678844498,0.0264053797582681,0.0299362057147262,0.0264449092901094,0.0153351136051558,0.00910745154500992,0.00989407330247592,0.0102403067640993,0.0107657069825349,0.0121866120496178,0.0339210754398128,0.0369513851998244,0.0232027943727437,0.00560473332345355,0.0120815286092585,0.00678809704083376,0.00174329069779898,0.00203531275643757,0.00211962151613478,0.00350312546850105,0.00180691910139985,0.000609919762808422,0.0746395765713405,0.063543393456251,0.0367573935896286,0.00605177047893982,0.00791233922374538,0.0112652842860453,0.0049307176117747,0.00531292882485538,0.00905457395411176,0.00523738692798546,0.00252129320619126,0.00289566994377231,0.0311187100112934,0.0653379586056816,0.0780078330440521,0.0597309783854006,0.0481197660999261,0.0407913593208415,0.0310323184290977,0.0207967183283138,0.0207074381638584,0.0226530562270031,0.0288322574023428,0.0264330920787414,0.00229711862106256,0.00337726168385912,0.00676596654221557,0.00538396906773452,0.0026405279152347,0.00262825956854213,0.00240290656314508,0.00472159150869229,0.00311188573642719,0.00413583126192538,0.0032545683370244,0.00307102485438842,0.00829484734450071,0.0039636500811546,0.000842495075232256,0.00115036103805773,0.000768532324869715,0.000681784711526105,0.000474178410914209,0.000295555340182826,5.25398213707674e-05,0.000285224670469205,0.000373699078338159,0.00026963338179763,0.00662320760189531,0.00866083044142352,0.00764100654696376,0.00314412814181612,0.00102926923833902,0.00237268443360799,0.00256922995505285,0.000360287505280698,0.00171563800044208,0.00115303693618045,0.00242285092891478,0.0026757593866963,0.046175956570277,0.0536486251334805,0.0409206912146037,0.0372679483007614,0.035840200344371,0.020885378954064,0.0108356631575022,0.0153475340314834,0.0172853091712037,0.0182302715659384,0.0211670521734083,0.0211705814548789,0.0348818645214064,0.0376036026520822,0.0202933017194284,0.00527342023710843,0.0123723801044826,0.00759008762102829,0.00162263984466949,0.00330058341157265,0.00313382975988971,0.0019806362232763,0.00330042659417684,0.0013421211833954,0.0822809276292955,0.0731486085496702,0.0482590176758669,0.0216083910543588,0.0142822748027301,0.0138961282549007,0.0164455065546296,0.0076819785558473,0.0127741070419592,0.0113358737152695,0.00781010888446099,0.00634602267542059
7.91053279730765,5.91417503935475,3.56192139989777,1.57616988436951,0.440389478399678,0.436381001102708,0.967533525246662,0.670850149039234,0.801845715265832,0.334893849575816,0.578185646045354,0.285716114147108,2.13420455459917,1.36437976192695,3.38400932955367,4.30606838898924,3.6179374124606,2.9501392446651,2.93157537879378,3.46986981732417,3.23006902629279,2.83359905526369,3.58262421526736,3.79712868073064,1.59884633224199,1.34125503660276,1.08270633344384,0.418626940918171,0.29945328837397,0.127337399456718,0.305258400546642,0.186195020326118,0.414265282451707,0.557333307444029,0.387976100405722,0.117031936585327,0.121189907492405,0.684318576071084,0.179485546643519,0.132007131150883,0.163433177734972,0.0450901468714077,0.084105941213988,0.0859373090898132,0.0283883871020177,0.0574500711901855,0.0231424159059934,0.0291716532395097,9.86186408061665,5.98939412559158,1.01877148734087,1.24383913578909,0.670021238220356,0.316587569165149,0.688862090519679,0.719191294162417,0.565384957102455,0.200803559468428,0.117166417036289,0.137634606473785,22.0740578199032,15.1300920823586,4.41804333750447,6.33262107374447,8.49373557687933,4.95573392881483,1.36220637242115,1.05007298908223,1.59928423680178,0.714957709826876,0.776590394748587,1.17584901955474,5.95893331994126,8.12292055464401,2.84812039503772,2.44900687652919,3.72620092973166,2.28824652755844,0.706183230774979,0.379148394448433,0.265244121911493,0.28275221068231,0.427000490224173,0.408641928248855,4.29847939482752,2.37493686069894,1.69765165454273,3.65698922122788,3.31211117117738,2.14726001543114,1.80330102759222,1.47116805017554,0.827064018900086,0.243186752960238,0.383295976969335,0.402129361203175,0.642359416978263,1.15293149718887,1.47471705572837,2.45346945033628,2.9220487904742,1.3771863891899,1.23891823847703,2.28041037051083,2.4202553153029,2.08463180878615,2.48449625167253,2.64060414093551,1.95445262868619,1.63208614700665,1.17946629428439,1.00165128787524,0.672142950085632,0.209343181163053,0.495723964308843,0.493911489476028,0.470984425409998,0.511726120321408,0.547010185444783,0.31871219890205,0.918234706622996,0.835762083560114,0.25820842626769,0.415179245569541,0.110778107194948,0.0519068425177513,0.09808874881866,0.109758949078538,0.0676489571044419,0.0395891939943617,0.0209038251637709,0.0185561336753355,10.1053343512724,7.1778579450043,1.96828627160706,0.937526382209527,0.998141048929345,1.43791399460272,1.09829897345721,0.349526229972761,0.0980056687860982,0.352476863490445,0.565699169700139,0.383944788426919,20.092181420333,12.759604442681,3.61327845825087,6.94607480803949,8.3690042868708,3.34817768652281,1.16527259218515,2.04994214020589,1.46929031485737,0.448881611898365,1.05951576412646,1.26340702494834,7.34595813454088,9.35053490460759,3.64006644706527,2.36222718721201,3.3256534490764,2.42694104492857,1.10492735977129,1.05156205404011,0.342965629828023,0.29355139468442,0.332467743787808,0.193188830184188,3.35684535213395,2.8807680910284,1.77643238503325,2.0473837785809,2.88394731789094,1.69016604155405,0.396939442542795,0.754653964282529,1.19802985199262,1.08820084608833,0.338711944275349,0.874057072689241
23.9793013728736,12.2004232302431,2.90573064382604,1.15335863904851,0.77766582374541,0.54067029956307,0.447382680092413,0.092134914877497,0.407364328750398,0.370130374279808,0.0772618049364754,0.0368666691657064,11.9237807677526,15.1145526929266,10.1902793925271,4.7642403073231,2.09556133370686,1.12446027326794,0.839513516218116,0.468367973357036,0.482849791813262,0.15216004964777,0.1735500389239,0.646768146102552,4.96277364004224,2.17274181759356,0.677057455359216,0.384744959135667,0.150568648783393,0.188880156611962,0.193718476511631,0.0500008709337572,0.150990129394797,0.0252761874886868,0.120253958651075,0.102949213100533,5.11640518905605,2.33185624718857,0.0211267167705876,0.112102211889417,0.178099004529831,0.0188528944373446,0.0603385971712356,0.0430812830641949,0.0444062889058333,0.0527701036001057,0.0187647907172679,0.0442763479343768,22.0310465631132,11.0634154413573,2.16778318278818,0.953089830477856,0.579125856703402,0.440766308901442,0.292553447274822,0.096408526739055,0.175084416023633,0.247514426176309,0.0840732006626966,0.106199428882222,16.9483958486219,31.3567853132491,16.8620289884179,7.85603123558459,6.36036675494973,3.56685915915488,2.92444389842451,2.15036080546975,1.35320162161134,1.27504128403535,0.757477431147028,0.764061040272905,45.7722936159764,22.8771658089837,2.50540412592771,1.45364541459873,1.5893723443604,1.01852568477275,0.543277973345586,0.465796165699332,0.14112720211773,0.098180195138381,0.0564736824754176,0.195963377289734,27.9285680634196,19.0335595007405,1.23338999513201,1.31581799608811,0.313789635300955,0.737580339270782,0.163086796726014,0.456085703568066,0.382627533681786,0.258884229789017,0.100444389219186,0.116531623977816,15.186164645321,14.4303709094025,9.68833526645563,4.71150432842908,2.45793487435646,1.3259531173948,0.952323944804409,0.695281014383233,0.827755496720856,0.362144852870524,0.326804490601339,0.413076385515168,5.52944950254982,2.75843250917882,0.836897280177176,0.882813908617825,0.233311230176638,0.194036500286925,0.107006131432659,0.148533891829007,0.0867665413888099,0.105805918197334,0.0364512471367506,0.0802124580829531,4.02639085567991,1.48473364289755,0.186805695636569,0.347712757030115,0.0494331640670727,0.0772131457710696,0.0790025423430164,0.0612788617770228,0.0501505014232659,0.0699761813339165,0.0340277858418677,0.0437571961600303,25.7292707964338,14.5685187116769,2.7592128241666,0.765101541065715,0.762984248766248,0.328817579647193,0.0527119785725744,0.147494876644318,0.270649979456297,0.14933302969495,0.0793717477889012,0.202990421637675,16.1940460986588,32.0545264861842,16.8672395056058,9.10894415609817,6.77325364027288,4.28184452476813,3.90221624230396,2.53115965153208,2.1201970028391,1.72235009819182,1.08548804138346,1.13014043447494,46.6226318735302,23.4243554780606,1.87038393296826,1.49507697565812,1.34027020741803,0.908198314991737,0.90077478243011,0.381432943348411,0.398534217942035,0.123644244215264,0.0918271840582617,0.0833885909626595,27.0564468449378,20.5724172744184,3.63522210003234,2.70196209389223,1.27683569602793,0.786908277609533,0.281381113565296,0.318640536861222,0.321067371500794,0.364350788565474,0.213458221759764,0.0309591148368596
13.3998665174487,14.0446596286263,4.43287237595595,1.96438191097133,0.565502121557353,0.0778676013624124,0.328478274841018,0.259423744668488,0.0410614805468913,0.0859987177291487,0.0978501210290114,0.138776278653811,7.03805473791484,5.55696881866005,5.00222180436539,3.07899167101482,0.6814150541849,1.05325344239971,1.54851562972707,1.92019917606204,1.52552126521739,0.768131998326781,0.418043220085265,1.30864337675835,2.12004461571957,1.50565806964108,0.798870420721784,0.180146631634492,0.416675168368174,0.391580457352979,0.081490677941075,0.227532437492158,0.280960805605427,0.189982203467791,0.208000469626356,0.22720995785931,0.0924654242963948,0.276304637789144,0.290704073430048,0.30653447565876,0.186414347743985,0.0922457035244853,0.053400441726238,0.03770864100435,0.00373095798312269,0.0181813405039019,0.0161800911232593,0.0120434084301985,5.56711155264613,4.74523432236626,2.22785782618864,2.13096760790313,1.47099038609756,0.687282069081871,0.423906190399482,0.182545395491823,0.221047227738129,0.307244920924231,0.233210673905537,0.216033668827043,14.1810065716315,15.9313271616861,8.02743010836826,4.29580226663841,3.15507909713986,3.1836438609123,4.43584275862354,3.95220295809846,3.50808454224949,2.58841054034984,1.37603591866789,0.466854038821228,7.00497246729881,11.4568308539017,3.00890776309927,2.08010557229158,2.54666273916574,1.73524673678384,0.746133124405428,0.609334987184291,0.295762824094841,0.286770923847686,0.345917377311156,0.158957513940938,17.3311684080369,11.3022511870743,2.89794667455754,0.594094297180965,0.0546811999310148,0.287760826202748,0.0160596987088287,0.101093069976844,0.17498977928205,0.172134519101058,0.0334363524300419,0.115423320643486,0.70553361239445,2.351938895123,3.81884313191465,1.8298727199968,0.655589345295131,0.737710125904889,0.986192736553717,1.31384056412531,1.11224280368211,0.918222578532906,0.649870102740833,0.678298720477274,2.31695680976109,1.54711672080279,0.895979806939383,0.387083626631967,0.181898112603476,0.249466353696495,0.0564768854654327,0.17118456542373,0.128904794767597,0.138384839383701,0.194585563332227,0.141119577825026,1.00746382820937,0.607790632678536,0.508106977766228,0.475064732603029,0.20400746253348,0.121283712911119,0.0690743391162067,0.0342805763086736,0.0121385562665981,0.0329018313111646,0.0245157956089371,0.0251869479887085,5.33232930971526,5.77035781991886,3.8851172413033,2.3856682369339,1.42110308586584,0.963557066324737,0.615889010209349,0.320467586952869,0.38498525437643,0.459012231952338,0.356534470024589,0.301250891732266,14.627956738712,16.127760625283,7.3287849909709,4.90210765592852,1.81309007078199,4.33396367848892,4.33796980090109,4.23147938300451,2.79681440207887,1.6716042801681,0.42047245889802,0.988475284232565,10.222475348911,10.9273721716134,3.15967417185276,3.88856002632383,4.08179230541262,2.97008163764174,1.62083305774691,1.93070427337144,1.3650780084385,0.95462853166096,0.941510944052474,0.39257393511203,13.5591794938593,9.81095317125759,2.73296929572249,1.06993686807982,0.735438556112572,0.515342253170114,0.401658402929665,0.438432541569274,0.366600934181875,0.259328813611431,0.165967037922951,0.0850051794241913
0.0185056682212203,0.00744116715575318,0.00120271099635696,0.00082714594309762,0.000416834955206236,0.000702136140763608,0.000843419528809572,0.00108899578541498,0.000304170247415511,0.00109351393773894,0.00111460705140986,0.00123827829741904,0.0815590128266164,0.0486282639279213,0.0163472827560778,0.0238517385638808,0.0290251006617375,0.0231645482041526,0.0126000621985396,0.00955196278763726,0.01719813925717,0.019975508434536,0.0156727290481146,0.00793569874291575,0.0404865269236185,0.0349213173324736,0.0394389250492558,0.0403010592376602,0.0538562183947895,0.0429179662203756,0.021578919114089,0.029362959193457,0.0246579077514939,0.0167176418893215,0.0155888378916151,0.0121849905090803,0.0869412396850676,0.0534450197083588,0.00699000079352797,0.0101116464078799,0.00759871583276928,0.00639834024645216,0.00629160066557056,0.00753786603479201,0.00338524613379694,0.00048565912416101,0.000631464951406043,0.000866067554609332,0.137702285731585,0.0615664319164582,0.0206849195458379,0.0164397217133818,0.02431012402802,0.00873054659659004,0.00990657407251268,0.0217369484169916,0.0310167711000125,0.0244987065557117,0.0218183353917794,0.0164892447359109,0.0548134780683031,0.0397779766542421,0.0172759506030152,0.0152961968965105,0.0159939401477721,0.00726242971059452,0.013138900200905,0.0100118603824161,0.0144204248211555,0.0168061352884672,0.0121342469021479,0.00885522556583858,0.00735453378207356,0.00341080102048797,0.000738868703212367,0.000238264972510512,0.00186425528578175,0.0024334005176587,0.00169721125371593,0.00279005606190759,0.00037540620575449,0.00216091601370282,0.0025566342749941,0.000810177783782117,0.0161636495172011,0.00477340410124486,0.00290172872475668,0.00148554620076993,0.00326988643525633,0.00148288528703574,0.00248194956574579,0.00126872936383165,0.00138458700494198,0.00090250010391896,0.00261757958080353,0.00185168577948261,0.086636957680573,0.0597767899987395,0.0170954372930921,0.0236145774342287,0.035934587825788,0.0359424093701425,0.0264711538631138,0.0174744754333714,0.0197737534928033,0.0251388885732665,0.0243157063873072,0.0163405882962536,0.0259563364588484,0.0268300792745817,0.0414748343242094,0.0405804564842177,0.0459589040609392,0.0403659503389897,0.0246484557956312,0.022253566146966,0.0219908645659734,0.0160514977283463,0.0122518057807854,0.0139009728850636,0.11146965285193,0.061448341628629,0.00806679835027949,0.0123793928173665,0.00966842023574713,0.0051598200248092,0.00171332923478368,0.00135698387478737,0.00287631221300091,0.00143154888159845,0.00133166024432846,0.00264846201285532,0.120536078801596,0.0468041294702668,0.0282280838319868,0.0327244131555906,0.0307780195731338,0.0252847411948213,0.0181316612835063,0.0198291954744403,0.0269798911617306,0.0216775392971727,0.0180679477651077,0.0183899730078536,0.049728468045576,0.0315105548052629,0.012017615070629,0.00858292256417979,0.0100307525268585,0.0198871578148481,0.0230683614933378,0.016091479765061,0.0106380157399565,0.010339972798918,0.00363756520867865,0.00291571797714115,0.0114039459898276,0.00397782242657791,0.000468106466997948,0.00118650527531017,0.00162954579015004,0.00302184281006791,0.00286838712839194,0.00252912302646759,0.00107331348770586,0.000948450838593704,0.00123333061329396,0.000883839774211094,0.0295751518321788,0.0107947809627821,0.00232289536920404,0.000885630977167098,0.000515346875382276,0.000545453364475221,0.00268031771484824,0.00124294300161841,0.00122793936627457,0.000809870702978936,0.00107032172562479,0.000819060443630452
0.0285374125358878,0.0129586708450339,0.000316363573160478,0.00083409855661018,0.000678861736989149,0.000595292941267417,0.000976692675717875,0.000179422269732751,0.00064684201604052,0.000915984194028237,0.000497237901041601,0.00108554466294474,0.037179903217804,0.00979118553962335,0.00652021461836906,0.0248546444751398,0.02927469490675,0.0127152366430234,0.00869775092258171,0.0191939310590645,0.0193203412044546,0.0135514294557136,0.00826365396441798,0.0088481675033183,0.102993706753095,0.0547080155988515,0.026036249404744,0.0399773416418817,0.0515083143399957,0.0401092284655721,0.0196947982229194,0.0209575325325431,0.0210530132241202,0.00803009550095276,0.00467075688677998,0.00645998584855532,0.127117899047509,0.0701589233722581,0.0101800778512202,0.0106581793517773,0.00609805636546607,0.00200125048518264,0.00545842977568868,0.00196955210299965,0.00290839636410541,0.00293567902576559,0.00223468107927405,0.00145230339434504,0.0335918635341863,0.0201800082282823,0.0156309996307268,0.0157647379008699,0.0149710142538358,0.0353836627780649,0.0264833287480192,0.0028341554031844,0.0209058053321547,0.0219333420201261,0.00170433061233893,0.0109708888234855,0.00878108237026501,0.0169456546092191,0.0102245110638035,0.00717320278557193,0.0176340028785021,0.0182259097885211,0.0155175040011383,0.0172800386008667,0.0196701889286311,0.0222837260686915,0.0117704713144121,0.0136253696532154,0.0299334399141841,0.0170529018273945,0.00368168991227679,0.00211635825962587,0.00171903624815129,0.00137248654152848,0.00216416684824037,0.00172589274657083,0.00439877607274093,0.00402506915271409,0.00273578539253753,0.00101377378642998,0.0342702391549937,0.0163248486608648,0.00136802535106252,0.00273158840326954,0.000645766403769743,0.000554811068933509,0.00151441581358025,0.000938399537440044,0.000704905144389844,0.000491121675726375,0.00071798650687918,0.000605465879800078,0.0384532631701431,0.00836977184181546,0.00808863134910458,0.0271425674426312,0.038505722035285,0.0232842462951567,0.00406499906255625,0.0192506724208059,0.0205855914060554,0.0167124118583013,0.0103561877697578,0.0052822524331754,0.0931255409509391,0.0483051474082224,0.0133966610963775,0.0308356979652024,0.0451098602212261,0.0371399089508376,0.0202672174458706,0.0161013200443233,0.0211588081716946,0.0126932546796615,0.00806491329090713,0.00512899824201233,0.0989585321314711,0.0656464625127194,0.0285456339093302,0.0113287895034376,0.00536771550517318,0.00152726417351717,0.000831472127450717,0.00692558749884461,0.00168892710703545,0.00384640118655328,0.00177832870298906,0.0010276337833455,0.0227371172607921,0.0142898472180642,0.0424070548075296,0.0382823068906509,0.0440765300466097,0.05328660307026,0.0421575579397902,0.00985796175801429,0.0316434235115045,0.0271987082794284,0.0207008049445929,0.0247183041170459,0.00640693916531501,0.0148763843668569,0.0164221512331644,0.0107386073001186,0.0271751422353804,0.0254234974616208,0.0177421101734528,0.0283913600183042,0.0290343694344678,0.0178628798206311,0.0155925978347901,0.0164230735977463,0.0150271370310964,0.00721041831683565,0.0017379168398904,0.000529170948267108,0.00145794226835659,0.00114611613880024,0.00215863602825432,0.00160895353171769,0.000944116598042825,0.00109950122155678,0.000354939639773355,0.000753286909890947,0.030875652438988,0.0163928780179425,0.00102565772093113,0.00196629916927206,0.00180932550026154,0.000948674636067322,0.00111267398187025,0.000911150008170268,0.00121980297363307,0.00101985669752835,0.000499636270500653,0.000356571860841343
0.0244602209898723,0.0123426174122702,0.00153617786239822,0.000826129736698034,0.00124053773423995,0.00109714318993698,0.00062744518502041,0.000436610593720752,0.000666198180417023,0.000496745121599081,0.00107099795468143,0.000976924347627429,0.0215114258812497,0.0370035132045861,0.0182015503005935,0.026484543307489,0.0237087564729593,0.01394692512838,0.00528474545834362,0.0148297540230258,0.0245494238835962,0.0269422208386707,0.0216140695435864,0.0158605044683136,0.00680425129468042,0.0613240682129057,0.0491682493475748,0.0320772995115495,0.0385181768550285,0.0302422085995558,0.0153210835899932,0.0164321744016376,0.0188649706215509,0.0138951309398281,0.0115859957852175,0.00495599304058434,0.0471748749967916,0.0132166645733413,0.00929413586966092,0.00900187549668192,0.005078652342494,0.00893889975145937,0.0057962802915212,0.00442303996935226,0.00150795181656104,0.00131556944953327,0.00102560584714026,0.000859860068069481,0.102569995969952,0.09890139996166,0.0718625235249794,0.0558155225929436,0.0599763878523658,0.0473225867649183,0.0541078338067379,0.0444493357477469,0.0414112811125526,0.0357165072489533,0.0263187708702078,0.0194732118671911,0.0229019471704608,0.0313385441544029,0.020415122652024,0.0204522854687861,0.0301450331437017,0.0199971941638161,0.0201937328554425,0.0202798195733129,0.016108031114393,0.0231947450821405,0.010748338421996,0.00793149024450712,0.0133329415077147,0.00949552379557846,0.00422714424853864,0.00165934886644871,0.00293626579168497,0.00252511382467034,0.0015810620259593,0.00115379140578916,0.00191530182659966,0.00346135585682427,0.00263928983255393,0.000357427827963182,0.024151937242324,0.0125792976782327,0.000482164405053218,0.00258432819601479,0.000949695079943858,0.00180444841069477,0.000401675548095355,0.000313835583429665,0.000202066836061923,0.00100391689236802,0.00082668894662943,0.0015639676973245,0.037867483757402,0.0457739106221726,0.0189116916695866,0.0250420084233965,0.0288321395950869,0.0199214998631576,0.00773643648178275,0.0126042224203666,0.0274375670968099,0.0348798336371268,0.0313723967854072,0.0224254939688858,0.00824161672322908,0.0493437939177025,0.0356496301566018,0.0322587285652295,0.037316812569683,0.0284791174722051,0.0144440018987454,0.0134335388135819,0.0177980889472771,0.0156677171132348,0.0126969347501115,0.00734258494483496,0.0449921648338109,0.0156602354069928,0.01680010840589,0.00973963307781329,0.00734515115843875,0.00539066676846571,0.00315615946032389,0.00250536475983587,0.00106802571985579,0.00148413608504498,0.00259171029494457,0.00240565287156905,0.0958685265865737,0.0890284929436198,0.0628763420060091,0.0538802390052573,0.050754691525508,0.0564746561354051,0.0546530308243038,0.0420545462378061,0.0369458407066772,0.0362011346979982,0.0356407445714255,0.0267408786753628,0.0210009924736118,0.02379632247825,0.0100072125487307,0.0143168394047758,0.0122173892157683,0.0257739249452748,0.0276900439132134,0.00572071790591543,0.0141163180114784,0.0134677272826497,0.0074149378843614,0.00524544834834767,0.0106173965604253,0.00635820789441083,0.00107527397218237,0.000821151829464883,0.00156359360872555,0.000553197135596287,0.00286647900277481,0.000896875278509284,0.00117151019666104,0.000467452514875924,0.00098183277215419,0.000507480804837022,0.0327855442497106,0.0184306802662708,0.00214941102408755,0.00300738330926082,0.00119610493229741,0.0025880812672866,0.0016885804070025,0.00067444377596662,0.000235443256138364,0.000617732598544297,0.000449574741902658,0.000628259266509059
6.90037142138441,2.93637191558261,0.235801633969179,0.452074870144033,0.324861568515308,0.311396608813172,0.0484992463816436,0.103487767546395,0.229168317517157,0.107608001870363,0.10481299432001,0.199285655947153,23.9727199522079,14.7612976548768,3.49888102744971,5.50068225885905,6.02420679453531,4.67260422169982,4.75414354024542,5.02986237306423,4.97302353666688,4.20481395308756,3.333283443149,3.14281041469828,0.431421038730418,12.5870772928936,6.68552707623173,7.54186180370854,5.07240311470378,1.1319690125859,0.854113080248869,2.87447641112613,2.57182499087479,1.3132347561142,1.09074189494994,0.408784757733842,18.4280875892103,10.7269721912853,4.04897834004985,2.42912232160986,1.53962047904765,0.0935976665811586,0.172795910626877,0.139994535559384,0.40434282499368,0.175277644277304,0.117239561536665,0.122055229867655,9.12204777905873,6.24663904966612,3.73720562822474,4.83923355995269,3.41040237312605,1.88330989611964,2.29880111215646,2.62629978443587,2.70213315357767,2.27309478131575,1.80447165148039,1.86865664833656,9.93833558549382,8.01339776529115,1.43758952748051,0.772719153064927,2.90591856931092,1.07476714653741,0.838444159187215,1.0262719620613,0.413212270770859,2.82147267693107,1.96323360946026,1.40795129994069,6.01414433723418,3.02325349750784,1.0021579272053,0.683988476178775,0.743060777106797,0.858483101819938,0.721375836751949,0.330378062443234,0.679151445745591,0.7735410957035,0.50125093214721,0.172268862351634,6.79153214618435,2.54444387122017,0.901610992045786,0.0174766177295002,0.204907114785612,0.201643171023863,0.241715094819182,0.309075543278221,0.190853107604889,0.0596178399152873,0.201584312915492,0.133860791583294,26.5149577937615,17.4546750501096,4.01756034464296,5.94662396453111,6.15014134682282,4.23701785746332,4.35878007471191,4.90502010411214,5.25852174718435,4.97971579620563,4.22507490757144,3.63384020214595,1.16731227473938,10.2608794402322,5.62354468128618,5.5427489917192,3.71661277966159,2.59346209492077,1.55129174319054,1.41276758679848,2.95521175743118,1.75813122092189,0.964792994290695,0.204904473679377,21.5408345117208,12.8331379870636,2.44983140726531,1.38621325681827,0.421913098707372,0.448384508154823,0.398579424070425,0.224121407942075,0.258555028047083,0.193707477151181,0.252957975106612,0.302781000974617,5.73676040875002,5.88672556500594,0.765152785491531,2.44010756700975,3.18767619886908,2.84479715385975,1.97375645423901,2.70486786600626,2.82549843683733,3.68106556677974,3.38926321175471,1.4409158121575,9.93871491853667,7.8230370377564,5.72797221465245,3.59253808109637,3.37824031333658,3.36415963383103,2.53822549325726,1.3918243720369,2.45121717641853,2.3713161400694,1.03051286421439,1.24380151941344,6.4160713892613,3.41099175165696,1.05604156951829,0.53448873073497,0.736540802251164,0.391701943396287,0.674960359128139,0.477870186435394,0.256485422559045,0.200105879180619,0.108539494406543,0.153393266481187,8.3359616599858,1.86998685268687,0.742057393889918,1.01621405061704,0.0898035211149758,0.460562520570308,0.286562020135493,0.241835972125538,0.024100467268944,0.151400535969022,0.195802700555347,0.0326534612829419
12.7931366792131,6.31913629715641,0.652396942205996,0.429278113161666,0.414808302477594,0.3595064008748,0.378647489776686,0.192915137577975,0.118979562257524,0.236116880757986,0.238930297171798,0.170760083846555,29.404525799896,18.8057941933539,4.22004319130593,0.988099152149176,2.54728463595234,1.82365354404228,1.48387741740543,2.09955382446147,2.93166930544168,2.83988097271767,1.75056495174869,1.14329288313304,26.0409503281059,27.6160742479082,10.6767689558472,5.34597478527556,4.82654613673743,2.81931859082662,1.42347201908988,1.94284180088644,2.02635344084825,1.58769890481666,0.905974134975062,0.905731525593826,39.4745933123885,18.3121791805092,0.814591593138306,1.04678133229999,0.760070313909927,0.255146675865685,0.33424327909733,0.622811890878386,0.0644323024928748,0.0148994126868548,0.0938694848012879,0.101082664042771,0.83421812864958,18.5134596933055,9.46065813802365,4.50020349110369,3.19483978279087,1.18925323599477,0.530724544318467,0.269879109264677,1.02667268627329,0.664177618665055,0.634830891087607,0.331714328652871,12.7085106612068,7.63286477616197,3.36792668738273,1.53313042019229,1.34718343111011,0.204937548947866,0.618815993461636,0.239442247098608,0.414127020934785,0.570409584517868,0.0972828744100361,0.155880613719567,3.41195869872313,0.957159131766484,0.922840421489049,0.36677030410895,0.234605635625749,0.184687353765789,0.419744765819068,0.417290897880061,0.141111048643621,0.117440973274008,0.26467137743496,0.147011127185755,12.44427029219,6.45450395245111,1.37885596628742,0.639525212786676,0.487605137553184,0.592173881983182,0.501372562031946,0.164023125694331,0.121184235027144,0.170979074079297,0.32473632205904,0.251158287685438,27.6405599536157,21.0719629979688,6.08447349018905,1.49318750318714,3.86805746993083,3.58952105455749,1.0172179682579,1.47945934146929,2.78650170595371,2.76394171374398,2.52970330352629,1.73593637558921,34.2884686844178,27.3855820290499,7.74605521679038,5.56940444480528,4.84546437936755,3.78647589449574,1.73349954657492,1.02467160528363,1.82309537233459,1.56011823333899,0.747427529737642,0.484106771950154,37.7409827285877,19.4865963467546,2.73098915100821,1.85565710406809,0.781129114764229,0.598692852365059,0.296856213526916,0.0839927628113903,0.143935581570148,0.151770487155041,0.143512280980003,0.17122462689116,4.56795466001741,16.277727742987,9.20453658560683,5.33995223318966,3.29289661615609,2.52487690270009,1.77049025926665,0.481941844533065,0.616621717376085,0.234398997425063,0.216518042998337,0.426544017161736,10.7689339923537,7.18268796547488,2.09414176406639,1.20721418676371,0.556016486482744,1.21867136881473,1.53884747404589,1.06755561981142,0.268729626297482,0.388057329584974,0.310606249529782,0.355378129432289,5.04562109362581,2.84251989179383,0.607561504031534,0.590238812472499,0.72224068205164,0.771015924246705,0.885872568824944,0.673605672845553,0.273927410357228,0.140087239470345,0.19509683843843,0.14642838452115,16.1428486712554,7.07829508953754,1.13300205559754,0.220385520284816,0.44444249707534,0.629901287787411,0.777966564053744,0.250077465735651,0.293529583361023,0.193697800366115,0.133690603408886,0.28631994988364
1.31939448644139,0.595298080295052,0.231891476210755,0.20473230330144,0.218867386410213,0.280152520026153,0.096445282583931,0.0408471247545005,0.0839604909820521,0.102718263095732,0.0693982666227613,0.118651333359191,2.57445353790372,8.21326458771035,9.87206108501894,7.49700176040974,3.85732144689087,2.14576684725002,1.27874414184087,0.712301013800851,0.537601691984094,1.09969522972616,1.6541419874362,1.75671113894191,14.0182001234774,16.3486558708545,8.80851051995439,1.64014202218956,3.56465165666334,2.33638637505508,0.259200059250062,1.02963163072742,0.845788348982491,0.41661645015477,0.862524184986185,1.16513292943009,13.7885095222911,7.00082622517568,2.20341528064713,2.13751094802352,1.3737958196911,0.296465721482152,0.459849196450739,0.207638797228193,0.19806702066154,0.0251311649299906,0.0864395556452356,0.0502986915810049,12.0403326462363,7.55466838864343,2.41532452636882,1.66876325710455,2.34184382122273,1.70786243680925,0.401111007992312,0.840635443833933,0.91443141995363,0.391957082655179,0.258537232199878,0.303601658699791,2.59570267550755,1.21318258487766,1.98154194063243,1.21147662407453,0.92666008789277,0.860745078517958,1.00725447035433,0.232416110645425,0.256556179552807,0.534086860241503,0.398329814882479,0.134951302641599,1.88700663757077,1.79461088423693,1.08555361672512,0.311056891500704,0.323850975808752,0.181255936462812,0.278028740031256,0.266244349971417,0.478023424687696,0.347353012389771,0.176746457321898,0.0413736945836001,0.499241465987305,0.332428796205117,0.235715905394168,0.523628762068003,0.383194011683609,0.201654730309001,0.115208948954935,0.142068281543605,0.117658738170019,0.0312385663084878,0.0990097019072421,0.0362184000792135,0.548548193570672,8.31707672251343,10.5734170471871,8.73676910981203,5.5604384233759,3.39975763123048,2.24009611088864,1.67299089454114,0.862281111874423,0.707570629563213,1.0617506813349,1.53791456301093,12.3656605911446,16.0635309320116,7.38656634894636,1.8922880024789,2.95361011798337,1.78130982320483,0.281914359151799,0.823907083071154,0.368432405445592,0.368313998442052,0.378662425231311,0.653747086093824,16.4980928376623,8.9287281983522,3.2262673545644,2.10768445477251,1.58228129449258,0.912224974889376,0.059050125293398,0.142313229810199,0.0917928687348154,0.128597811339621,0.132489938036437,0.0676985333982906,3.76905167938557,5.786843509249,6.44614111751917,4.54661874164563,3.2206586158055,2.09356651295263,0.637883101464573,0.749139018274454,0.812074781107646,0.333196555979212,0.256909372328137,0.422580735218841,0.8103914324192,0.897007183936399,1.36894279897252,2.28638652488808,1.59516169699079,1.8326689277301,1.29388450753014,0.302173700321163,0.703062034541051,0.723270168088171,0.319383712154299,0.312285810200674,1.65463953906411,0.828608522606216,0.392337677269786,0.315832460312375,0.229913378004093,0.154733287092696,0.355932153587254,0.298961738921948,0.0983973844974396,0.15481984218621,0.0239981607195812,0.0542276208934644,1.58927023545451,0.69797180789513,0.574295117247403,0.652213291745621,0.467941807632417,0.258067386839687,0.151740373374708,0.0716749360238459,0.158265314087939,0.211798863124379,0.172201334566941,0.0339334660926528
